Year,Month,Briefing,Home & Garden,Obituaries,NYT Now,Blogs,New York,Theater,Food,Movies,Multimedia/Photos,Job Market,Crosswords & Games,National,Home and Garden,The Learning Network,Sunday Review,Sports,N.Y. / Region,Automobiles,Magazine,Great Homes and Destinations,Multimedia,U.S.,Podcasts,T:Style,Giving,Watching,Open,Booming,Universal,Health,Great Homes & Destinations,Front Page,Arts,Opinion,Week in Review,Corrections,Style,Dining and Wine,Well,Education,International Home,Real Estate,Fashion & Style,Your Money,Science,Times Topics,Times Insider,Technology,Dining & Wine,Business,Washington,The Upshot,Books,Autos,Public Editor,Crosswords/Games,World,Unknown,T Magazine,Travel
2012,1,,0.4883720930232558,0.2222222222222222,,,,0.22123893805309736,0.058823529411764705,0.43558282208588955,0.6067415730337079,0.3,0.0,,,,0.2727272727272727,0.2833117723156533,0.36569148936170215,0.3,0.2929936305732484,,0.40350877192982454,0.43232662192393734,,0.5043988269794721,,,0.0,,,0.5179282868525896,0.7272727272727273,0.18181818181818182,0.37223168654173766,0.14842105263157895,,,0.4298507462686567,0.7777777777777778,,0.43333333333333335,,0.41836734693877553,0.49107142857142855,0.2222222222222222,0.3972602739726027,,,0.297008547008547,0.813953488372093,0.2630691399662732,0.2222222222222222,,0.4482758620689655,0.13829787234042554,,0.04878048780487805,0.28375,0.16556291390728478,1.0,0.7071428571428572
2012,2,,0.574468085106383,0.24,,0.0,,0.14,0.10526315789473684,0.475,0.7804878048780488,0.5555555555555556,0.0,,,,0.3333333333333333,0.27507163323782235,0.3783359497645212,0.2962962962962963,0.34177215189873417,,0.4444444444444444,0.44505494505494503,,0.5074183976261127,,,0.0,,,0.49206349206349204,0.75,0.14285714285714285,0.38055842812823165,0.17276720351390923,,,0.4227129337539432,0.875,,0.5,,0.3793103448275862,0.48322147651006714,0.2,0.41798941798941797,,,0.24305555555555555,0.7903225806451613,0.2762784090909091,0.16666666666666666,,0.39705882352941174,0.060240963855421686,,0.05454545454545454,0.3221216041397154,0.225531914893617,0.6923076923076923,0.6923076923076923
2012,3,,0.5932203389830508,0.14705882352941177,,0.0,,0.2571428571428571,0.11764705882352941,0.3942857142857143,0.6808510638297872,0.5,0.0,,0.0,,0.25,0.2594142259414226,0.359375,0.3333333333333333,0.36054421768707484,,0.39473684210526316,0.4495049504950495,,0.4494949494949495,,,,,,0.53125,0.9,0.15384615384615385,0.3473423980222497,0.18600682593856654,,,0.4186991869918699,1.0,,0.3409090909090909,,0.3333333333333333,0.48148148148148145,0.2692307692307692,0.4350282485875706,0.0,,0.23529411764705882,0.8,0.2668195718654434,0.2,,0.4027777777777778,0.08571428571428572,,0.0392156862745098,0.31058495821727017,0.1590909090909091,0.3333333333333333,0.5454545454545454
2012,4,,0.5106382978723404,0.041666666666666664,,0.0,,0.16363636363636364,0.125,0.34408602150537637,0.7727272727272727,0.3,0.0,,,,0.36363636363636365,0.22176591375770022,0.4184514003294893,0.2727272727272727,0.37714285714285717,,0.4642857142857143,0.4098573281452659,,0.4580152671755725,,,0.0,,,0.5670103092783505,0.7142857142857143,0.8,0.327710843373494,0.18029739776951673,,,0.4187192118226601,0.6666666666666666,,0.3333333333333333,,0.32673267326732675,0.41284403669724773,0.1111111111111111,0.40119760479041916,0.0,,0.2643171806167401,0.8076923076923077,0.2748091603053435,0.23076923076923078,,0.4177215189873418,0.17721518987341772,,0.07692307692307693,0.3294964028776978,0.07142857142857142,0.7,0.7129629629629629
2012,5,,0.5,0.1864406779661017,,,,0.25766871165644173,0.2,0.3622641509433962,0.7631578947368421,0.3333333333333333,0.0,,0.4444444444444444,,0.25,0.2600864553314121,0.4124203821656051,0.2647058823529412,0.31351351351351353,,0.22580645161290322,0.360529217199559,,0.38461538461538464,,,,,,0.5185185185185185,0.7142857142857143,0.5172413793103449,0.32892561983471075,0.17183098591549295,,,0.37943262411347517,0.6909090909090909,,0.34,,0.4017094017094017,0.4065040650406504,0.35294117647058826,0.49612403100775193,0.0,,0.25405405405405407,0.7758620689655172,0.28213367609254497,0.3236994219653179,,0.4268292682926829,0.16393442622950818,,0.12195121951219512,0.31805682859761686,0.29133858267716534,0.3333333333333333,0.5597014925373134
2012,6,,0.5116279069767442,0.16666666666666666,,0.0,,0.2,0.35,0.3082191780821918,0.6,0.25,0.0,,0.0,,0.2,0.184377838328792,0.34365325077399383,0.21875,0.34057971014492755,,0.15384615384615385,0.403921568627451,,0.5192307692307693,,,0.0,,,0.544973544973545,0.9166666666666666,0.5333333333333333,0.3406060606060606,0.20220588235294118,,,0.449438202247191,0.8571428571428571,,0.225,,0.35443037974683544,0.39823008849557523,0.3,0.4438202247191011,0.0,,0.24344569288389514,0.75,0.2907861369399831,0.5,,0.4025157232704403,0.14285714285714285,,0.10256410256410256,0.28064992614475626,0.046153846153846156,0.4444444444444444,0.7444444444444445
2012,7,,0.7073170731707317,0.1111111111111111,,0.0,,0.2524271844660194,0.2631578947368421,0.3924050632911392,0.6944444444444444,0.3,0.0,,0.25,,0.2222222222222222,0.20833333333333334,0.3642276422764228,0.14285714285714285,0.34615384615384615,,0.25,0.430416068866571,,0.5,,,0.0,,,0.42934782608695654,0.6666666666666666,0.36363636363636365,0.3364737550471063,0.18448275862068966,,,0.4378698224852071,0.8571428571428571,,0.40816326530612246,,0.5742574257425742,0.4883720930232558,0.29411764705882354,0.3798076923076923,,,0.27715355805243447,0.6808510638297872,0.3017094017094017,0.5555555555555556,,0.35714285714285715,0.06896551724137931,,0.125,0.3267776096822995,0.07246376811594203,1.0,0.7
2012,8,,0.7049180327868853,0.05555555555555555,,0.0,,0.26732673267326734,0.2857142857142857,0.3446327683615819,0.225,0.5,0.0,,0.2857142857142857,,0.3,0.2209775967413442,0.40653357531760437,0.14285714285714285,0.3181818181818182,,0.125,0.37373737373737376,,0.5080645161290323,,,0.3333333333333333,,,0.5988023952095808,0.8,0.35294117647058826,0.36284470246734396,0.17391304347826086,,0.0,0.4394904458598726,0.875,,0.3902439024390244,,0.6125,0.45045045045045046,0.13333333333333333,0.4715909090909091,,,0.3389830508474576,0.7719298245614035,0.329935125115848,0.5238095238095238,,0.3961038961038961,0.078125,,0.07894736842105263,0.3343558282208589,0.23076923076923078,0.2,0.7721518987341772
2012,9,,0.782608695652174,0.14285714285714285,,,,0.17391304347826086,0.21052631578947367,0.4176470588235294,0.4,0.2,0.0,,0.0,,0.3333333333333333,0.20248868778280543,0.39731285988483683,0.3076923076923077,0.3,,0.2916666666666667,0.4284176533907427,,0.5502183406113537,,,1.0,0.16,,0.48125,0.75,0.5,0.33436532507739936,0.1453287197231834,,,0.3853211009174312,1.0,,0.4807692307692308,,0.5949367088607594,0.4444444444444444,0.05263157894736842,0.4589041095890411,,,0.28444444444444444,0.75,0.30227518959913324,0.47058823529411764,,0.4074074074074074,0.06557377049180328,0.0,0.07894736842105263,0.30652503793626706,0.19298245614035087,0.42105263157894735,0.7710843373493976
2012,10,,0.5510204081632653,,,,,0.18571428571428572,0.3793103448275862,0.4083333333333333,0.7073170731707317,0.625,0.0,,,,0.125,0.21162280701754385,0.41275797373358347,0.17857142857142858,0.33043478260869563,,0.2,0.41755888650963596,,0.4391891891891892,,,1.0,0.12962962962962962,,0.5374149659863946,0.75,,0.35398230088495575,0.17297297297297298,,,0.4032258064516129,,,0.5833333333333334,,0.4074074074074074,0.4166666666666667,0.11764705882352941,0.4393939393939394,,,0.34801762114537443,0.8,0.2464065708418891,,,0.4152542372881356,0.06060606060606061,0.0,0.11363636363636363,0.35205479452054794,0.125,0.5,0.5166666666666667
2012,11,,0.6451612903225806,,,,,0.20588235294117646,0.23076923076923078,0.3695652173913043,0.25,0.5,0.22727272727272727,,,,0.5,0.25522388059701495,0.35365853658536583,0.16666666666666666,0.25274725274725274,,0.20833333333333334,0.39705882352941174,,0.32432432432432434,0.19047619047619047,,0.75,0.25,,0.5238095238095238,0.8,,0.3415492957746479,0.16380952380952382,,,0.41964285714285715,,,0.3611111111111111,,0.40425531914893614,0.46511627906976744,0.4,0.44642857142857145,,,0.2975609756097561,0.723404255319149,0.2995169082125604,,,0.3816793893129771,0.25,0.0,0.1,0.31047865459249674,0.1875,0.25,0.6610169491525424
2012,12,,0.6888888888888889,,,,,0.25,0.2777777777777778,0.32323232323232326,0.8421052631578947,0.3,0.05,,,,0.09090909090909091,0.30971993410214166,0.3279279279279279,0.2413793103448276,0.36220472440944884,,0.23809523809523808,0.4121863799283154,,0.46,,,0.8,0.21428571428571427,,0.5081967213114754,0.8333333333333334,,0.36833333333333335,0.210412147505423,,,0.4065934065934066,,,0.391304347826087,,0.5,0.4796747967479675,0.15789473684210525,0.4855072463768116,,,0.24875621890547264,0.8235294117647058,0.3229308005427408,,,0.38513513513513514,0.061224489795918366,0.0,0.1,0.30997304582210244,0.17567567567567569,,0.6935483870967742
2013,1,,0.7169811320754716,0.0,,,,0.18666666666666668,0.38095238095238093,0.42016806722689076,0.46153846153846156,0.5,0.0,,,,0.5,0.25624178712220763,0.36178107606679033,0.3888888888888889,0.3037974683544304,,0.23809523809523808,0.35248447204968947,,0.4536082474226804,,,0.0,0.32142857142857145,,0.4966887417218543,0.7142857142857143,,0.43328100470957615,0.14931237721021612,,,0.2571428571428571,,,0.3103448275862069,,0.4807692307692308,0.44642857142857145,0.10526315789473684,0.3018867924528302,,,0.2559241706161137,0.6923076923076923,0.2848904267589389,,,0.38095238095238093,0.14942528735632185,0.0,0.12195121951219512,0.3684210526315789,0.24561403508771928,0.0,0.6862745098039216
2013,2,,0.6,0.0,,,,0.21311475409836064,0.45454545454545453,0.3274336283185841,0.05263157894736842,0.375,0.0,,,,0.5,0.2395498392282958,0.41386554621848737,0.21052631578947367,0.38961038961038963,,0.17391304347826086,0.3466003316749585,,0.6244541484716157,,,0.0,0.26666666666666666,,0.5338983050847458,0.8461538461538461,,0.36213235294117646,0.25413223140495866,,,0.36942675159235666,,,0.375,,0.5294117647058824,0.3673469387755102,0.1875,0.2764227642276423,,,0.3567567567567568,0.7407407407407407,0.30154946364719903,,,0.39805825242718446,0.12244897959183673,0.0,0.13513513513513514,0.37906647807637905,0.18421052631578946,0.6428571428571429,0.7230769230769231
2013,3,,0.6428571428571429,0.0,,0.0,,0.22340425531914893,0.3181818181818182,0.4180790960451977,0.7619047619047619,0.5,0.0,,,,0.45454545454545453,0.16139240506329114,0.3784722222222222,0.2647058823529412,0.3333333333333333,,0.36363636363636365,0.4037854889589905,,0.48148148148148145,,,0.0,0.41379310344827586,0.0,0.461038961038961,0.8,0.75,0.2772020725388601,0.17805755395683454,,,0.32608695652173914,0.5,,0.3448275862068966,,0.6049382716049383,0.35036496350364965,0.41379310344827586,0.27450980392156865,,,0.21890547263681592,0.75,0.2995689655172414,0.5,,0.32575757575757575,0.1511627906976744,0.0,0.08163265306122448,0.3682170542635659,0.1388888888888889,0.38461538461538464,0.5849056603773585
2013,4,,0.6904761904761905,0.17391304347826086,,,,0.3020833333333333,0.30434782608695654,0.3916083916083916,0.47619047619047616,0.5,0.10526315789473684,,1.0,,0.3333333333333333,0.1814569536423841,0.35335689045936397,0.2,0.3949579831932773,,0.391304347826087,0.3951734539969834,,0.42424242424242425,,,0.375,0.34782608695652173,,0.4595959595959596,0.9,0.375,0.363395225464191,0.16412213740458015,,,0.5,0.5833333333333334,,0.3559322033898305,,0.6216216216216216,0.4528301886792453,0.375,0.3262411347517731,,,0.29439252336448596,0.76,0.326171875,0.75,,0.4666666666666667,0.12,0.0,0.10256410256410256,0.3568281938325991,0.25,0.4,0.7692307692307693
2013,5,,0.6333333333333333,0.3333333333333333,,,,0.25609756097560976,0.6451612903225806,0.42168674698795183,0.11538461538461539,0.625,0.10526315789473684,,,,0.25,0.17786069651741293,0.3629764065335753,0.16666666666666666,0.3431372549019608,,0.28,0.35384615384615387,,0.6,,,0.0,0.43243243243243246,0.0,0.46706586826347307,0.7647058823529411,1.0,0.3536977491961415,0.19094488188976377,,,0.38571428571428573,0.42857142857142855,,0.23333333333333334,,0.5932203389830508,0.44715447154471544,0.3125,0.3655913978494624,,,0.31627906976744186,0.675,0.33608247422680415,,,0.39552238805970147,0.0,0.0,0.05405405405405406,0.3465045592705167,0.23943661971830985,0.36363636363636365,0.7407407407407407
2013,6,,0.7045454545454546,0.0,,,,0.13953488372093023,0.43478260869565216,0.40625,0.55,0.3,0.0,,,,0.5,0.22033898305084745,0.340956340956341,0.12,0.3977272727272727,,0.35294117647058826,0.3840947546531303,,0.4482758620689655,,,0.0,0.3333333333333333,,0.4782608695652174,0.75,,0.27339449541284405,0.2399193548387097,,,0.5163934426229508,,,0.5,,0.48333333333333334,0.47794117647058826,0.45,0.3235294117647059,,,0.26519337016574585,0.6666666666666666,0.32908163265306123,,,0.41358024691358025,0.028169014084507043,0.0,0.10256410256410256,0.31375579598145287,0.27586206896551724,0.5,0.7708333333333334
2013,7,,0.6829268292682927,1.0,,,,0.1774193548387097,0.5897435897435898,0.2734375,0.4,0.375,0.0,,,,0.375,0.1419068736141907,0.35714285714285715,0.5263157894736842,0.39473684210526316,,0.2727272727272727,0.3441295546558704,,0.3958333333333333,,,0.6666666666666666,0.5833333333333334,0.0,0.5793103448275863,0.75,,0.35372848948374763,0.19111969111969113,,,0.6829268292682927,,,0.16666666666666666,,0.5,0.4351851851851852,0.29411764705882354,0.3108108108108108,,,0.24404761904761904,0.5238095238095238,0.3072139303482587,,,0.34210526315789475,0.029850746268656716,0.0,0.125,0.2571428571428571,0.30526315789473685,0.25,0.6888888888888889
2013,8,,0.6964285714285714,,,,,0.20967741935483872,0.5555555555555556,0.4857142857142857,0.4642857142857143,0.0,0.05263157894736842,,,,0.5,0.17657992565055763,0.3132295719844358,0.18181818181818182,0.21686746987951808,,0.35,0.34754797441364604,,0.47692307692307695,,,0.4,0.5161290322580645,,0.5966386554621849,0.8235294117647058,,0.342,0.20043103448275862,,,0.6511627906976745,,,0.32,,0.5306122448979592,0.4796747967479675,0.4166666666666667,0.31666666666666665,,,0.20408163265306123,0.5862068965517241,0.2769010043041607,,,0.40336134453781514,0.037037037037037035,0.0,0.07692307692307693,0.2621951219512195,0.3013698630136986,0.625,0.6588235294117647
2013,9,,0.723404255319149,,,,,0.1875,0.5384615384615384,0.391304347826087,0.36363636363636365,0.4,0.05263157894736842,,,,0.4444444444444444,0.13550600343053174,0.34615384615384615,0.16129032258064516,0.4148936170212766,,0.125,0.35,,0.48299319727891155,,,0.75,0.4074074074074074,,0.5412844036697247,0.6666666666666666,,0.3175182481751825,0.19955654101995565,,,0.3467741935483871,,,0.32142857142857145,,0.49206349206349204,0.43333333333333335,0.5185185185185185,0.5135135135135135,0.0,,0.22099447513812154,0.5,0.2910547396528705,,,0.40714285714285714,0.013888888888888888,0.0,0.09523809523809523,0.24092409240924093,0.44360902255639095,0.25,0.7912087912087912
2013,10,,0.5689655172413793,,,,,0.15294117647058825,0.7045454545454546,0.4012738853503185,0.55,0.625,0.0,,,,0.42857142857142855,0.13736263736263737,0.36363636363636365,0.09433962264150944,0.34177215189873417,,0.14285714285714285,0.3706896551724138,,0.42424242424242425,,,0.3333333333333333,0.46875,,0.5317460317460317,0.7142857142857143,,0.32919254658385094,0.19202898550724637,,,0.40384615384615385,,,0.32,,0.5344827586206896,0.5030674846625767,0.4857142857142857,0.3333333333333333,0.0,,0.2513089005235602,0.5161290322580645,0.30117647058823527,,,0.37398373983739835,0.10526315789473684,0.0,0.10256410256410256,0.2599388379204893,0.31521739130434784,0.5714285714285714,0.5979381443298969
2013,11,,0.6744186046511628,,,,,0.25274725274725274,0.6666666666666666,0.3875,0.6333333333333333,0.0,0.0,,,,0.25,0.19140625,0.38095238095238093,0.1016949152542373,0.37333333333333335,,0.2857142857142857,0.3392156862745098,,0.5,0.3333333333333333,,0.0,0.4444444444444444,,0.6357142857142857,0.8,,0.2929824561403509,0.22348484848484848,,,0.5277777777777778,,,0.5882352941176471,,0.48,0.4307692307692308,0.5135135135135135,0.22580645161290322,0.0,,0.2191780821917808,0.5,0.31794871794871793,,,0.36904761904761907,,0.0,0.10256410256410256,0.22521246458923513,0.2857142857142857,0.6666666666666666,0.5977011494252874
2013,12,,0.5454545454545454,,,0.0,,0.2857142857142857,0.725,0.3902439024390244,0.6610169491525424,0.5,0.0,,,,0.3333333333333333,0.17137096774193547,0.35555555555555557,0.08974358974358974,0.2857142857142857,0.0,0.22727272727272727,0.2974828375286041,,0.43529411764705883,,,0.0,0.4230769230769231,,0.5153846153846153,0.7,,0.35968992248062015,0.2003968253968254,,,0.575,,,0.25,,0.6363636363636364,0.47398843930635837,0.46153846153846156,0.36,0.0,,0.1895424836601307,0.5833333333333334,0.30261348005502064,,,0.39520958083832336,,0.0,0.12195121951219512,0.2773722627737226,0.38202247191011235,0.8,0.5897435897435898
2014,1,,0.62,,,,,0.27848101265822783,0.6153846153846154,0.2929936305732484,0.78125,0.375,0.05263157894736842,,,,0.125,0.14653465346534653,0.3726235741444867,0.2072072072072072,0.2535211267605634,0.5,0.19047619047619047,0.3058161350844278,,0.34545454545454546,,,0.5,0.52,,0.5446428571428571,0.4444444444444444,,0.35252808988764045,0.18672199170124482,,,0.3333333333333333,,,0.5384615384615384,,0.6,0.5659340659340659,0.5925925925925926,0.2463768115942029,0.0,,0.1813953488372093,0.6,0.2960088691796009,,,0.3697478991596639,,0.0,0.10256410256410256,0.2721804511278195,0.3940520446096654,0.17647058823529413,0.5753424657534246
2014,2,,0.625,,,,,0.22077922077922077,0.7192982456140351,0.3013698630136986,0.726027397260274,0.375,0.0,0.2,,,0.0,0.16928446771378708,0.4004914004914005,0.09722222222222222,0.4264705882352941,0.5714285714285714,0.25,0.33182844243792325,,0.546875,,,0.0,0.0,,0.6194690265486725,0.7857142857142857,,0.34868421052631576,0.2,,,0.28,,,0.4117647058823529,,0.5892857142857143,0.547085201793722,0.3409090909090909,0.2,,,0.22598870056497175,,0.31226765799256506,,,0.41228070175438597,,0.0,0.1111111111111111,0.26380368098159507,0.473015873015873,0.4666666666666667,0.6162790697674418
2014,3,,0.7435897435897436,,,,,0.23809523809523808,0.7096774193548387,0.32934131736526945,0.6666666666666666,0.375,0.05,0.0,,,0.5,0.13957307060755336,0.4033970276008493,0.0410958904109589,0.26436781609195403,0.5555555555555556,0.14285714285714285,0.3129370629370629,,0.46153846153846156,,,0.0,,0.0,0.5546875,0.8181818181818182,,0.34169278996865204,0.21855670103092784,,,0.4,,,0.21428571428571427,0.5,0.6338028169014085,0.5026737967914439,0.45652173913043476,0.25,,,0.23493975903614459,,0.27395715896279593,,,0.36428571428571427,,0.0,0.08333333333333333,0.30183727034120733,0.40540540540540543,0.42105263157894735,0.5294117647058824
2014,4,,0.7,,,0.5,,0.175,0.627906976744186,0.3006535947712418,0.8043478260869565,0.42857142857142855,0.0,,,,0.5,0.13768115942028986,0.3726851851851852,0.13513513513513514,0.3194444444444444,0.5714285714285714,0.16,0.32558139534883723,,0.24561403508771928,,,0.3333333333333333,,,0.5925925925925926,0.7692307692307693,,0.35987748851454826,0.18016194331983806,,,0.5,,,0.32,,0.6271186440677966,0.4928571428571429,0.39285714285714285,0.3333333333333333,,,0.2541436464088398,,0.282312925170068,,0.2112676056338028,0.4251968503937008,,0.0,0.10256410256410256,0.3412587412587413,0.489010989010989,0.25,0.6625
2014,5,,0.68,,,0.46153846153846156,,0.20481927710843373,0.3739130434782609,0.21311475409836064,0.7391304347826086,0.42857142857142855,0.1,,,,0.3333333333333333,0.1717171717171717,0.35714285714285715,0.05405405405405406,0.4393939393939394,0.5,0.23076923076923078,0.32131147540983607,,0.43209876543209874,,,,,,0.5135135135135135,0.7647058823529411,,0.3357245337159254,0.22171945701357465,,,0.16666666666666666,,,0.21428571428571427,,0.6140350877192983,0.4370860927152318,0.4166666666666667,0.234375,,,0.20903954802259886,,0.2888318356867779,,0.21839080459770116,0.33088235294117646,,0.0,0.05128205128205128,0.3062583222370173,0.423841059602649,0.47058823529411764,0.6341463414634146
2014,6,,0.6904761904761905,,,0.16666666666666666,,0.189873417721519,0.6333333333333333,0.3105590062111801,0.6666666666666666,0.375,0.0,,,,0.16666666666666666,0.17994505494505494,0.41037735849056606,0.1038961038961039,0.26666666666666666,,0.3157894736842105,0.3256880733944954,,0.40625,,,0.0,,,0.5363636363636364,0.6111111111111112,,0.3426791277258567,0.2819548872180451,,,0.6896551724137931,,,0.2,,0.6865671641791045,0.4117647058823529,0.3939393939393939,0.33962264150943394,,,0.2789115646258503,,0.282994923857868,,0.28662420382165604,0.4394904458598726,,0.0,0.125,0.26504297994269344,0.32919254658385094,0.5789473684210527,0.6666666666666666
2014,7,,0.6538461538461539,0.0,,,,0.25287356321839083,0.5970149253731343,0.2926829268292683,0.0,0.16666666666666666,0.0,,,,0.5714285714285714,0.13958333333333334,0.4036697247706422,0.06578947368421052,0.4189189189189189,,0.28,0.30866425992779783,,0.5662650602409639,,,0.0,,,0.5087719298245614,0.6363636363636364,,0.29604130808950085,0.27165354330708663,,,0.9523809523809523,,,0.5,,0.6333333333333333,0.5163398692810458,0.4444444444444444,0.34177215189873417,,,0.37662337662337664,1.0,0.30900243309002434,,0.19718309859154928,0.3360655737704918,,,0.1,0.32992700729927005,0.31097560975609756,0.5,0.6823529411764706
2014,8,,0.5897435897435898,1.0,,0.0,,0.20588235294117646,0.5510204081632653,0.2903225806451613,0.375,0.42857142857142855,0.05555555555555555,,,,0.625,0.15869565217391304,0.4,0.057971014492753624,0.2875,,0.23809523809523808,0.35701906412478335,,0.4805194805194805,,,0.0,,,0.55,0.6666666666666666,,0.3442622950819672,0.23863636363636365,,,0.8666666666666667,,,0.5882352941176471,,0.6301369863013698,0.45774647887323944,0.29411764705882354,0.36923076923076925,,,0.3656716417910448,,0.3246753246753247,,0.22123893805309736,0.4421768707482993,,0.0,0.075,0.28483920367534454,0.38388625592417064,0.3333333333333333,0.6320754716981132
2014,9,,0.7,,,0.5,,0.30864197530864196,0.5614035087719298,0.26666666666666666,0.0,0.16666666666666666,0.058823529411764705,,,,0.2222222222222222,0.14168377823408623,0.407158836689038,0.09836065573770492,0.390625,,0.2692307692307692,0.32730560578661844,,,,,1.0,,,0.47058823529411764,0.6470588235294118,,0.28180354267310787,0.23933649289099526,,,0.8,,,0.3333333333333333,,0.6071428571428571,0.5515695067264574,0.4375,0.3176470588235294,,1.0,0.3259668508287293,,0.296010296010296,,0.21774193548387097,0.3826086956521739,,0.0,0.125,0.32132564841498557,0.4609571788413098,0.5161290322580645,0.6704545454545454
2014,10,,0.5882352941176471,1.0,,0.6666666666666666,,0.15294117647058825,0.6111111111111112,0.3076923076923077,1.0,0.25,0.0,,,,0.4,0.13995943204868155,0.425531914893617,0.09411764705882353,0.2641509433962264,,0.36,0.3308270676691729,,,,,1.0,,,0.42857142857142855,0.8181818181818182,,0.3058823529411765,0.255125284738041,,,,,,0.4,,0.6216216216216216,0.43537414965986393,0.4166666666666667,0.325,,,0.26229508196721313,,0.3303225806451613,,0.27741935483870966,0.3851851851851852,,0.0,0.0975609756097561,0.2923728813559322,0.34017971758664955,0.5925925925925926,0.7093023255813954
2014,11,,0.7045454545454546,,,0.5,1.0,0.1951219512195122,0.6153846153846154,0.3333333333333333,0.5,0.5,0.08333333333333333,,,,0.5,0.12698412698412698,0.3824884792626728,0.05405405405405406,0.2807017543859649,,0.391304347826087,0.3740573152337858,,,0.2727272727272727,,,,,0.5568181818181818,0.7142857142857143,,0.2946593001841621,0.21962616822429906,,,0.40540540540540543,,,0.47619047619047616,,0.5949367088607594,0.453416149068323,0.325,0.35064935064935066,,,0.3308270676691729,,0.29577464788732394,,0.24161073825503357,0.3941176470588235,,0.0,0.07692307692307693,0.24875621890547264,0.310838445807771,0.4642857142857143,0.6559139784946236
2014,12,,0.6739130434782609,0.0,0.0,1.0,,0.2727272727272727,0.6981132075471698,0.31092436974789917,0.6666666666666666,0.5,0.07142857142857142,,,,0.625,0.12121212121212122,0.41541755888650966,0.0851063829787234,0.2647058823529412,,0.19230769230769232,0.3314500941619586,,,,,0.0,,0.0,0.45348837209302323,0.5714285714285714,,0.31343283582089554,0.22084367245657568,,,0.3888888888888889,,,0.3076923076923077,,0.5517241379310345,0.4778761061946903,0.36666666666666664,0.3055555555555556,,,0.34459459459459457,,0.28422619047619047,,0.1839080459770115,0.4691358024691358,,0.0,0.12195121951219512,0.26253687315634217,0.30844793713163066,0.35294117647058826,0.6506024096385542
2015,1,,0.6226415094339622,,0.0,0.5,,0.18421052631578946,0.6222222222222222,0.3684210526315789,0.25,0.5,0.07142857142857142,,,,0.5,0.09330143540669857,0.4369369369369369,0.0,0.26666666666666666,,0.3888888888888889,0.31968810916179335,,,,,0.0,,0.03571428571428571,0.390625,0.3,,0.3315508021390374,0.1977715877437326,,,0.4716981132075472,,,0.5714285714285714,,0.71875,0.3522727272727273,0.35714285714285715,0.37142857142857144,,,0.3597122302158273,,0.300163132137031,,0.1509433962264151,0.3170731707317073,,0.0,0.09302325581395349,0.2732919254658385,0.33641975308641975,0.47619047619047616,0.6794871794871795
2015,2,,0.6363636363636364,0.0,0.05,,,0.11428571428571428,0.5365853658536586,0.31666666666666665,0.0,0.4,0.07692307692307693,,,,0.3333333333333333,0.13114754098360656,0.4490861618798956,0.3,0.39655172413793105,,0.4444444444444444,0.3607305936073059,,,,,,,0.0,0.40963855421686746,0.5,,0.3241252302025783,0.2288135593220339,,,0.3333333333333333,,,0.34615384615384615,,0.6615384615384615,0.4205607476635514,0.43243243243243246,0.25,,0.0,0.3409090909090909,,0.3003472222222222,,0.20253164556962025,0.3709677419354839,,0.0,0.10256410256410256,0.24193548387096775,0.40874811463046756,0.44,0.6052631578947368
2015,3,,0.45454545454545453,,0.0,0.0,,0.19230769230769232,0.5084745762711864,0.3014705882352941,1.0,0.42857142857142855,0.07142857142857142,,,,0.25,0.11347517730496454,0.4733009708737864,0.125,0.32894736842105265,,0.4782608695652174,0.3087719298245614,,,,,0.0,,0.0,0.5714285714285714,0.42857142857142855,,0.30403458213256485,0.2340966921119593,,,0.34615384615384615,,,0.25,1.0,0.6197183098591549,0.5471698113207547,0.41304347826086957,0.30337078651685395,,,0.36879432624113473,,0.30120481927710846,,0.10989010989010989,0.42483660130718953,,0.0,0.045454545454545456,0.29892141756548535,0.3787878787878788,0.4782608695652174,0.6915887850467289
2015,4,,,1.0,0.22727272727272727,0.0,,0.19230769230769232,0.5733333333333334,0.2905405405405405,0.0,0.5,0.11764705882352941,,,,0.4,0.17372881355932204,0.4523809523809524,0.1,0.3855421686746988,,0.23076923076923078,0.3169811320754717,,,,,1.0,,0.0,0.42857142857142855,0.6666666666666666,,0.342809364548495,0.23076923076923078,,,0.29411764705882354,,,0.29411764705882354,,0.5857142857142857,0.4496124031007752,0.4375,0.29411764705882354,,,0.33070866141732286,,0.30796460176991153,,0.2702702702702703,0.42276422764227645,,0.0,0.05263157894736842,0.28807947019867547,0.36178107606679033,0.5882352941176471,0.6976744186046512
2015,5,,,1.0,0.2857142857142857,,,0.2375,0.625,0.23717948717948717,0.0,0.16666666666666666,0.0,,,,1.0,0.1801980198019802,0.4148681055155875,0.16666666666666666,0.35294117647058826,,0.38095238095238093,0.35887850467289717,,,,,,,0.0,0.4915254237288136,0.875,,0.3803030303030303,0.2109375,,,0.3076923076923077,,,0.5,,0.65,0.5,0.2903225806451613,0.2916666666666667,,0.3333333333333333,0.3904761904761905,,0.29979879275653926,,0.19117647058823528,0.4228571428571429,,0.0,0.0975609756097561,0.31456953642384106,0.3608617594254937,0.625,0.7446808510638298
2015,6,,,,0.5,0.25,,0.25675675675675674,0.6140350877192983,0.30597014925373134,0.5,0.0,0.34782608695652173,,,,1.0,0.1839323467230444,0.47160493827160493,0.18181818181818182,0.44285714285714284,,0.5384615384615384,0.2854330708661417,,,,,,,0.0,0.5681818181818182,0.3333333333333333,,0.3522906793048973,0.22922636103151864,,,0.5,,,0.4166666666666667,,0.6060606060606061,0.43410852713178294,0.34782608695652173,0.41379310344827586,,0.0,0.30158730158730157,,0.2776617954070981,,0.16883116883116883,0.3732394366197183,,0.0,0.125,0.3654485049833887,0.3711151736745887,0.35714285714285715,0.6404494382022472
2015,7,,,1.0,0.38461538461538464,0.0,,0.25806451612903225,0.5,0.3284671532846715,0.125,0.25,,,,,0.2,0.16968325791855204,0.4987951807228916,0.0,0.4375,,0.5238095238095238,0.3081632653061224,,,,,,,0.0625,0.4473684210526316,0.5555555555555556,,0.35148514851485146,0.19505494505494506,,,0.35,,,0.75,,0.5294117647058824,0.4968152866242038,0.3333333333333333,0.4155844155844156,,0.0,0.12698412698412698,,0.24910394265232974,,0.25,0.4496124031007752,,,0.05263157894736842,0.28391167192429023,0.40074906367041196,0.6857142857142857,0.6842105263157895
2015,8,,,0.0,0.5777777777777777,0.8888888888888888,,0.21212121212121213,0.5636363636363636,0.38345864661654133,0.4827586206896552,0.42857142857142855,0.11363636363636363,,,,0.2,0.16494845360824742,0.44680851063829785,0.18181818181818182,0.3291139240506329,,1.0,0.30134680134680136,,,,,,,0.0,0.4155844155844156,0.4,,0.35555555555555557,0.25257731958762886,,,0.5555555555555556,,,0.36363636363636365,,0.6301369863013698,0.40853658536585363,0.15625,0.37333333333333335,0.0,0.3548387096774194,0.2698412698412698,,0.28608923884514437,,0.21428571428571427,0.4967741935483871,,0.0,0.0,0.2939189189189189,0.5,0.49137931034482757,0.693069306930693
2015,9,,,1.0,0.5869565217391305,0.9545454545454546,,0.14864864864864866,0.6133333333333333,0.31788079470198677,0.4,0.0,0.10256410256410256,,,,0.6666666666666666,0.13773584905660377,0.4166666666666667,0.0,0.3269230769230769,,,0.2939521800281294,,,,,,,0.027777777777777776,0.3870967741935484,0.5,,0.424,0.2531328320802005,,,0.5714285714285714,,,0.3125,,0.6376811594202898,0.47706422018348627,0.5833333333333334,0.39473684210526316,0.0,0.21428571428571427,0.2785714285714286,,0.28705882352941176,,0.18309859154929578,0.4065040650406504,,0.0,,0.29701492537313434,,0.5515151515151515,0.8095238095238095
2015,10,,,,0.75,1.0,,0.23711340206185566,0.6,0.3785310734463277,0.43333333333333335,0.0,0.11627906976744186,,,,0.5,0.1314935064935065,0.41909814323607425,0.0625,0.38235294117647056,,,0.27455919395465994,,,,,,,0.030303030303030304,0.39603960396039606,0.4,,0.2916030534351145,0.2004950495049505,,,1.0,,,0.3333333333333333,,0.5909090909090909,0.4473684210526316,0.4,0.24691358024691357,0.0,0.09375,0.2,,0.3652597402597403,,0.17567567567567569,0.392,,0.0,,0.30014224751066854,0.0,0.5204081632653061,0.6746987951807228
2015,11,,,,0.6666666666666666,1.0,,0.3194444444444444,0.41935483870967744,0.410958904109589,0.3870967741935484,0.2,0.1282051282051282,,,,0.5,0.177319587628866,0.43301435406698563,0.3333333333333333,0.34831460674157305,,,0.34222919937205654,,,0.07692307692307693,,,,0.11538461538461539,0.5217391304347826,0.6666666666666666,,0.3258426966292135,0.28354430379746837,,,0.5384615384615384,,,0.26865671641791045,,0.6142857142857143,0.41040462427745666,0.3235294117647059,0.36619718309859156,0.0,0.34375,0.2831858407079646,,0.37044534412955465,,0.21568627450980393,0.4358974358974359,,0.0,,0.27886056971514245,,0.5081967213114754,0.7228915662650602
2015,12,,,0.0,0.4791666666666667,1.0,,0.22727272727272727,0.4823529411764706,0.38509316770186336,0.2916666666666667,0.3333333333333333,0.125,,,,0.0,0.1554054054054054,0.46568627450980393,0.0,0.2727272727272727,,,0.3531746031746032,,,,,,,0.08333333333333333,0.4482758620689655,0.6666666666666666,,0.3140655105973025,0.2727272727272727,,0.0,0.5333333333333333,,,0.33962264150943394,,0.6176470588235294,0.4682926829268293,0.4444444444444444,0.38095238095238093,0.0,0.3,0.27586206896551724,,0.3925438596491228,,0.1951219512195122,0.423841059602649,,0.0,,0.24961715160796324,,0.49382716049382713,0.717948717948718
2016,1,,,0.07142857142857142,0.5121951219512195,0.95,,0.22077922077922077,0.4411764705882353,0.4370860927152318,0.4,0.8,0.07317073170731707,,,,0.5,0.12771739130434784,0.425,0.25,0.4,,,0.34324942791762014,,,,,,,0.0196078431372549,0.4065934065934066,0.5,,0.3066914498141264,0.21447721179624665,,,0.25,,,0.38333333333333336,,0.5652173913043478,0.5034965034965035,0.36363636363636365,0.3230769230769231,0.0,0.3333333333333333,0.2462686567164179,,0.38461538461538464,,0.3103448275862069,0.4482758620689655,,0.0,,0.2608695652173913,,0.6605504587155964,0.6710526315789473
2016,2,,,0.3333333333333333,0.5111111111111111,1.0,,0.2898550724637681,0.410958904109589,0.43478260869565216,0.21739130434782608,0.0,0.11627906976744186,,,,1.0,0.18152866242038215,0.43130990415335463,0.0,0.40298507462686567,,,0.38633540372670805,,,,,,,0.16666666666666666,0.3956043956043956,,,0.38877755511022044,0.27466666666666667,,,0.6666666666666666,,,0.4,,0.5740740740740741,0.458128078817734,0.3333333333333333,0.3333333333333333,0.0,0.19230769230769232,0.2556390977443609,,0.383248730964467,,0.45454545454545453,0.4690265486725664,,0.0,,0.28909090909090907,0.0,0.7897727272727273,0.581081081081081
2016,3,,,0.5,0.5769230769230769,1.0,,0.2682926829268293,0.48863636363636365,0.3263888888888889,0.5416666666666666,0.3333333333333333,0.09302325581395349,,,,1.0,0.19753086419753085,0.4709480122324159,0.14285714285714285,0.36507936507936506,,,0.369901547116737,,,,,,,0.14285714285714285,0.42748091603053434,,,0.3939393939393939,0.25066666666666665,,,0.14285714285714285,,,0.3235294117647059,,0.6153846153846154,0.46195652173913043,0.46875,0.36363636363636365,0.0,0.21621621621621623,0.18181818181818182,,0.3471264367816092,,0.40625,0.47058823529411764,,0.0,,0.2795527156549521,1.0,0.7194244604316546,0.7
2016,4,,,,0.5185185185185185,1.0,,0.18181818181818182,0.5789473684210527,0.2671232876712329,0.375,0.25,0.07547169811320754,,,,0.0,0.2668711656441718,0.39452054794520547,0.0,0.4603174603174603,,,0.3595317725752508,,,,,,,0.3333333333333333,0.453781512605042,,,0.31654676258992803,0.2653061224489796,,,0.4,,,0.3888888888888889,,0.7166666666666667,0.49640287769784175,0.5,0.2727272727272727,,0.2564102564102564,0.2786885245901639,,0.308411214953271,,0.2786885245901639,0.421875,,0.0,,0.2629757785467128,,0.7023809523809523,0.673469387755102
2016,5,,,0.3333333333333333,0.5510204081632653,1.0,,0.16666666666666666,0.4835164835164835,0.31851851851851853,0.3888888888888889,0.2,0.1111111111111111,,,,0.6666666666666666,0.26229508196721313,0.4111111111111111,0.0,0.4264705882352941,,,0.37860780984719866,,,,,,,0.6666666666666666,0.4166666666666667,,,0.389413988657845,0.22839506172839505,,,0.6296296296296297,,,0.3387096774193548,0.5,0.6493506493506493,0.5196850393700787,0.3333333333333333,0.3125,,0.2702702702702703,0.20168067226890757,,0.33578431372549017,,0.3090909090909091,0.38922155688622756,,,,0.26904376012965964,1.0,0.5698924731182796,0.68
2016,6,,,0.3125,0.5094339622641509,1.0,,0.24528301886792453,0.5350877192982456,0.3308270676691729,0.3333333333333333,0.2,0.09523809523809523,,,,0.3333333333333333,0.2346723044397463,0.42342342342342343,0.0,0.49122807017543857,,,0.35251798561151076,,,,,,,0.16666666666666666,0.4132231404958678,,,0.3701149425287356,0.32063492063492066,,,0.2857142857142857,,,0.5,,0.6923076923076923,0.43790849673202614,0.41379310344827586,0.32894736842105265,,0.2857142857142857,0.23275862068965517,,0.3215258855585831,,0.225,0.41333333333333333,,,,0.29545454545454547,,0.7171717171717171,0.6571428571428571
2016,7,,,0.5555555555555556,0.5106382978723404,1.0,,0.2597402597402597,0.5473684210526316,0.35772357723577236,0.5,0.5,0.0851063829787234,,,,1.0,0.21875,0.45161290322580644,0.0,0.3582089552238806,,0.0,0.3119533527696793,,,,,,,0.25,0.49514563106796117,,,0.32987012987012987,0.2842809364548495,,,0.625,,,1.0,,0.6716417910447762,0.48175182481751827,0.2692307692307692,0.3466666666666667,,0.14285714285714285,0.19090909090909092,,0.30337078651685395,,0.3695652173913043,0.4097222222222222,,,,0.32264150943396225,,0.6779661016949152,0.6710526315789473
2016,8,0.3333333333333333,,0.5,0.5111111111111111,1.0,,0.3333333333333333,0.5096153846153846,0.2833333333333333,0.32,0.25,0.11363636363636363,,,,1.0,0.23758099352051837,0.4637223974763407,0.0,0.3620689655172414,,,0.3252747252747253,0.0,,,,,,0.7,0.42452830188679247,,,0.38461538461538464,0.2973856209150327,,,0.5,,0.625,0.6166666666666667,,0.7192982456140351,0.5041322314049587,0.3333333333333333,0.358974358974359,,0.14285714285714285,0.27522935779816515,,0.4276315789473684,,0.32653061224489793,0.3916083916083916,,1.0,,0.3025830258302583,,0.5875,0.7183098591549296
2016,9,0.4444444444444444,,0.5,1.0,,,0.28735632183908044,0.4845360824742268,0.2638888888888889,0.17647058823529413,0.25,0.09523809523809523,,,0.5675675675675675,,0.19638242894056848,0.5303514376996805,0.0,0.3793103448275862,,,0.3686200378071834,0.3076923076923077,,,,,,0.375,0.6052631578947368,,,0.3438914027149321,0.3029411764705882,,,0.3333333333333333,,0.41935483870967744,0.4878048780487805,,0.609375,0.5166666666666667,0.4666666666666667,0.34615384615384615,,0.18181818181818182,0.23478260869565218,,0.36787564766839376,,0.1717171717171717,0.3888888888888889,,1.0,,0.3559027777777778,,0.6375838926174496,0.6923076923076923
2016,10,0.013513513513513514,,0.0,0.7142857142857143,,,0.2647058823529412,0.5490196078431373,0.29850746268656714,0.3684210526315789,0.16666666666666666,0.1111111111111111,,,0.4931506849315068,0.5,0.18717948717948718,0.5268456375838926,0.0,0.4696969696969697,,,0.31958762886597936,0.3333333333333333,,0.0,0.16666666666666666,,,0.2,0.6071428571428571,,,0.3120879120879121,0.2190721649484536,,,0.5517241379310345,,0.47619047619047616,0.3333333333333333,,0.5352112676056338,0.5060240963855421,0.39285714285714285,0.3595505617977528,,0.24390243902439024,0.19834710743801653,,0.32707774798927614,,0.5185185185185185,0.391025641025641,,1.0,,0.31189083820662766,,0.6385542168674698,0.5
2016,11,0.045454545454545456,,,1.0,1.0,,0.2988505747126437,0.5208333333333334,0.31851851851851853,0.3103448275862069,0.0,0.0,,,0.6923076923076923,0.0,0.24475524475524477,0.48135593220338985,0.0,0.425,,,0.36140350877192984,0.3333333333333333,,0.2222222222222222,0.32142857142857145,,,0.5,0.5294117647058824,,,0.3701923076923077,0.23076923076923078,,,0.39285714285714285,,0.3870967741935484,0.6153846153846154,,0.6266666666666667,0.5580110497237569,0.2608695652173913,0.18181818181818182,,0.23076923076923078,0.18518518518518517,,0.3430232558139535,,0.47692307692307695,0.33121019108280253,,1.0,,0.35040983606557374,,0.5072463768115942,0.7213114754098361
2016,12,0.06976744186046512,,0.0,1.0,,,0.2375,0.5346534653465347,0.348993288590604,0.35,0.0,0.0,,,0.7666666666666667,,0.1958762886597938,0.48148148148148145,0.0,0.39473684210526316,,,0.29832935560859186,0.6,,,0.375,,,0.5,0.4318181818181818,,,0.4275,0.24629080118694363,,,0.6153846153846154,,0.38333333333333336,,1.0,0.6296296296296297,0.5384615384615384,0.27586206896551724,0.3050847457627119,,0.22857142857142856,0.19626168224299065,,0.35988200589970504,,0.2702702702702703,0.3716216216216216,,1.0,,0.30727272727272725,,0.6136363636363636,0.6507936507936508
